id,per_square_meter_price
COL_289284,35088.0400390625
COL_289305,48579.58203125
COL_289318,45614.1279296875
COL_289354,75090.0908203125
COL_289399,48189.025390625
COL_289428,37747.72705078125
COL_289460,42314.1904296875
COL_289493,59276.1435546875
COL_289495,45020.3525390625
COL_289749,47055.35546875
COL_289763,156909.4921875
COL_289778,47721.0224609375
COL_289801,30573.04736328125
COL_289971,36370.53564453125
COL_290143,63388.2900390625
COL_290169,52321.1298828125
COL_290252,32944.27197265625
COL_290336,28563.73583984375
COL_290398,34354.515625
COL_290403,46978.2919921875
COL_290431,38040.458984375
COL_290466,44867.64111328125
COL_290486,52597.3955078125
COL_290497,36530.2119140625
COL_290510,45988.83203125
COL_290559,50648.064453125
COL_290600,72298.75
COL_290602,74536.4013671875
COL_290716,41623.875
COL_290717,30721.4599609375
COL_290876,44403.068359375
COL_290966,31155.2255859375
COL_291008,30121.21826171875
COL_291021,143556.962890625
COL_291043,83704.1298828125
COL_291190,55160.958984375
COL_291192,46569.1318359375
COL_291274,39062.22314453125
COL_291284,63996.9013671875
COL_291397,32121.67236328125
COL_291450,74321.2294921875
COL_291738,54371.3994140625
COL_291740,27640.52294921875
COL_291825,31359.2080078125
COL_291900,43974.2197265625
COL_292045,59717.5224609375
COL_292135,41732.3623046875
COL_292258,48321.658203125
COL_292275,27837.8662109375
COL_292279,55457.4482421875
COL_292364,49299.76953125
COL_292417,29694.8359375
COL_292421,50438.615234375
COL_292501,44197.0439453125
COL_292654,87202.9599609375
COL_292906,63885.9736328125
COL_292926,29340.0771484375
COL_293123,58374.15625
COL_293135,33081.61962890625
COL_293496,58436.3896484375
COL_293497,48423.4580078125
COL_293588,152128.78515625
COL_293614,140977.15234375
COL_293631,68181.1787109375
COL_293703,31350.4482421875
COL_293773,35569.78564453125
COL_293780,49022.6298828125
COL_293783,30754.93994140625
COL_293826,33815.50390625
COL_293889,71904.52734375
COL_293952,51805.8916015625
COL_293956,38362.08984375
COL_294068,72825.001953125
COL_294101,49877.37109375
COL_294115,46546.4365234375
COL_294143,35561.86962890625
COL_294200,35147.31884765625
COL_294245,28370.1455078125
COL_294261,28589.3056640625
COL_294293,50727.4833984375
COL_294300,54949.5986328125
COL_294350,33576.0576171875
COL_294488,49592.39453125
COL_294525,53027.1982421875
COL_294553,40481.85791015625
COL_294558,47881.4970703125
COL_294593,37428.7275390625
COL_294691,68737.59375
COL_294716,27829.54638671875
COL_294729,47793.0625
COL_294785,56059.142578125
COL_294917,57003.83984375
COL_294951,22441.47216796875
COL_294975,42243.77392578125
COL_295255,25670.437255859375
COL_295327,18067.453369140625
COL_295509,39116.80224609375
COL_295595,49658.6552734375
COL_296322,37841.35498046875
COL_296509,32082.10009765625
COL_296521,147423.484375
COL_296756,31515.720703125
COL_296901,47207.572265625
COL_297293,33004.96923828125
COL_297324,41602.03076171875
COL_297326,47806.5849609375
COL_297329,35854.03125
COL_297441,36987.69189453125
COL_297472,22880.84814453125
COL_297631,55372.263671875
COL_297815,75379.771484375
COL_298020,37147.328125
COL_298046,54633.42578125
COL_298052,29170.53125
COL_298055,94811.830078125
COL_298064,50408.509765625
COL_298075,67421.49609375
COL_298099,37872.56298828125
COL_298101,69945.4150390625
COL_298102,51340.6884765625
COL_298103,47431.4189453125
COL_298104,54437.951171875
COL_298261,49995.4501953125
COL_298459,172453.888671875
COL_298471,33663.216796875
COL_298481,51276.6748046875
COL_298516,52442.17578125
COL_298532,35751.73583984375
COL_298539,38304.3623046875
COL_298593,148309.68359375
COL_298719,37947.59765625
COL_298724,34975.679931640625
COL_298733,45563.7255859375
COL_298817,75572.1826171875
COL_298837,51705.6552734375
COL_298968,170789.923828125
COL_299209,54315.3857421875
COL_299221,161189.328125
COL_299361,37785.109375
COL_299366,60230.58203125
COL_299450,68372.6083984375
COL_299454,48687.2001953125
COL_299455,67290.125
COL_299459,73904.9990234375
COL_299464,63546.021484375
COL_299468,54449.3408203125
COL_299486,37202.24658203125
COL_299491,76725.4033203125
COL_299497,70471.8544921875
COL_299499,41548.40869140625
COL_299501,66205.6396484375
COL_299540,39833.78076171875
COL_299615,40107.40869140625
COL_299659,167971.892578125
COL_299678,167725.572265625
COL_299795,32603.34912109375
COL_299818,40636.78759765625
COL_299819,74905.291015625
COL_299820,77079.5595703125
COL_299960,46999.505859375
COL_300095,58206.134765625
COL_300108,85480.001953125
COL_300125,27769.17919921875
COL_300144,167364.958984375
COL_300225,43278.5439453125
COL_300305,188314.87109375
COL_300423,37943.912109375
COL_300491,32585.51171875
COL_300562,33882.25634765625
COL_300747,34681.42724609375
COL_300816,53334.3408203125
COL_300942,41820.92041015625
COL_300959,37918.49365234375
COL_300962,41955.6220703125
COL_301220,34173.3837890625
COL_301285,55257.3271484375
COL_301290,51271.0986328125
COL_301303,69899.337890625
COL_301367,35757.27197265625
COL_301368,43365.294921875
COL_301378,47288.0029296875
COL_301401,44995.6796875
COL_301444,28536.4541015625
COL_301445,43302.1005859375
COL_301574,77631.81640625
COL_301649,28730.11279296875
COL_301669,49461.0126953125
COL_301670,37490.98486328125
COL_301679,43919.2578125
COL_301709,27675.5537109375
COL_301757,164777.876953125
COL_301819,31243.84130859375
COL_301820,38184.5751953125
COL_301821,36213.56005859375
COL_301822,37554.50390625
COL_301823,37851.75537109375
COL_301843,39602.1962890625
COL_301976,65645.4169921875
COL_301986,24386.52734375
COL_302097,47846.9541015625
COL_302111,75975.5263671875
COL_302139,44659.3720703125
COL_302293,40918.53564453125
COL_302294,31507.06689453125
COL_302428,53192.779296875
COL_302465,31439.3359375
COL_302497,60552.990234375
COL_302548,32939.03076171875
COL_302597,29611.0751953125
COL_302726,48351.28515625
COL_302745,50144.1689453125
COL_302873,40471.76611328125
COL_302926,44053.8876953125
COL_302986,45232.2080078125
COL_302987,44847.6767578125
COL_302994,44282.43798828125
COL_303002,76397.4111328125
COL_303004,39091.60302734375
COL_303007,29261.41162109375
COL_303069,52167.435546875
COL_303147,34996.68994140625
COL_303265,36061.7646484375
COL_303285,65939.654296875
COL_303366,26983.55322265625
COL_303405,74010.94921875
COL_303564,39883.5439453125
COL_303569,24499.966796875
COL_303618,71347.11328125
COL_303623,32432.3271484375
COL_303624,37598.708984375
COL_303625,28570.869140625
COL_303626,26742.798828125
COL_303627,41105.3447265625
COL_303637,27425.13427734375
COL_303638,27426.89453125
COL_304041,41489.9453125
COL_304147,212059.6953125
COL_304255,160052.48828125
COL_304280,57128.4091796875
COL_304320,43189.052734375
COL_304322,49886.4765625
COL_304323,35510.66552734375
COL_304324,31328.20361328125
COL_304325,35450.46728515625
COL_304367,38402.322265625
COL_304546,50651.4072265625
COL_304550,67410.861328125
COL_304552,88676.080078125
COL_304561,39078.01025390625
COL_304585,71280.9775390625
COL_304853,78755.53515625
COL_304902,33627.6318359375
COL_304978,51448.486328125
COL_304984,31272.9150390625
COL_305002,48211.064453125
COL_305017,62335.1669921875
COL_305038,31329.7578125
COL_305057,36983.5751953125
COL_305058,38543.908203125
COL_305059,38101.4541015625
COL_305114,199372.36328125
COL_305373,45624.673828125
COL_305382,67876.2919921875
COL_305383,64842.6796875
COL_305384,64209.6767578125
COL_305385,69191.939453125
COL_305386,68480.4951171875
COL_305387,63646.7060546875
COL_305388,71163.8056640625
COL_305413,37812.54052734375
COL_305607,43087.07080078125
COL_305652,42860.9384765625
COL_305726,141856.544921875
COL_305896,48939.291015625
COL_305924,29580.89599609375
COL_305926,29984.60888671875
COL_306033,71746.921875
COL_306088,57233.6796875
COL_306141,30082.11962890625
COL_306143,31942.66162109375
COL_306144,40622.76171875
COL_306151,45749.904296875
COL_306153,43553.9501953125
COL_306154,39073.27392578125
COL_306155,45391.5771484375
COL_306206,51916.3359375
COL_306621,40742.32373046875
COL_306728,50913.8544921875
COL_306758,40808.29541015625
COL_306763,78353.60546875
COL_306803,46144.0546875
COL_306853,34830.9150390625
COL_306892,36116.4755859375
COL_306938,71616.767578125
COL_307001,48473.7177734375
COL_307043,52646.01953125
COL_307158,50997.025390625
COL_307269,43126.28857421875
COL_307356,53367.6142578125
COL_307480,36568.19775390625
COL_307529,47642.9638671875
COL_307623,33051.03076171875
COL_307819,28847.90380859375
COL_307874,33749.79443359375
COL_307945,73673.796875
COL_307986,53698.2373046875
COL_308206,59043.005859375
COL_308211,34453.447265625
COL_308429,72779.3916015625
COL_308446,32326.8076171875
COL_308472,50641.3515625
COL_308486,56707.1376953125
COL_308492,56082.01953125
COL_308493,54538.9892578125
COL_308743,41386.755859375
COL_308803,29440.35009765625
COL_308813,74644.193359375
COL_308963,48012.4189453125
COL_308966,23888.584228515625
COL_309079,38494.480712890625
COL_309121,32631.69287109375
COL_309434,46486.7734375
COL_309612,40144.55029296875
COL_309635,20039.694091796875
COL_309640,42074.1845703125
COL_309642,37839.81201171875
COL_309784,32511.14013671875
COL_310093,33209.76416015625
COL_310107,36629.6279296875
COL_310164,38026.41943359375
COL_310207,41802.4091796875
COL_310218,35324.89697265625
COL_310311,41021.26318359375
COL_310315,39838.6279296875
COL_310359,39928.4091796875
COL_310405,71147.8017578125
COL_310447,43314.435546875
COL_310503,36958.26708984375
COL_310570,33608.91015625
COL_310590,44146.68505859375
COL_310604,45365.8515625
COL_310641,139980.34375
COL_310642,46938.55078125
COL_310656,206704.0625
COL_310722,44727.71044921875
COL_310897,33164.8359375
COL_311016,23034.751220703125
COL_311017,31728.42236328125
COL_311018,36881.98681640625
COL_311025,27559.40869140625
COL_311026,34638.41015625
COL_311068,33665.603515625
COL_311128,48208.78515625
COL_311187,109306.998046875
COL_311188,106658.470703125
COL_311328,164395.544921875
COL_311348,33520.54052734375
COL_311537,60944.78125
COL_311660,46818.65234375
COL_311665,35910.63427734375
COL_311698,31038.46875
COL_311704,178362.546875
COL_311870,43760.0615234375
COL_312002,44902.7568359375
COL_312005,157380.748046875
COL_312006,101308.181640625
COL_312007,99785.462890625
COL_312010,86926.45703125
COL_312014,40393.83056640625
COL_312208,39068.833984375
COL_312270,49359.677734375
COL_312284,62937.595703125
COL_312290,32665.1396484375
COL_312323,56923.380859375
COL_312335,57783.5439453125
COL_312455,41248.3662109375
COL_312609,40905.1279296875
COL_312628,32295.6103515625
COL_312649,46856.802734375
COL_312672,53104.5791015625
COL_312673,56129.32421875
COL_312695,53461.19921875
COL_312997,179293.4453125
COL_313006,50151.4951171875
COL_313065,50772.8515625
COL_313068,60104.78125
COL_313211,36911.03125
COL_313268,175871.69140625
COL_313304,44437.27783203125
COL_313352,32551.1142578125
COL_313363,41254.4580078125
COL_313535,67165.6748046875
COL_313559,151414.26953125
COL_313572,44069.75927734375
COL_313573,35744.921875
COL_313574,33302.529296875
COL_313597,39490.8896484375
COL_313606,43079.6962890625
COL_313694,74129.08984375
COL_313703,40061.970703125
COL_313717,79123.1064453125
COL_313789,28804.46044921875
COL_313791,34050.91064453125
COL_313814,66095.0498046875
COL_314054,66797.6953125
COL_314055,66431.375
COL_314058,64864.484375
COL_314069,26782.8896484375
COL_314170,46572.3662109375
COL_314185,37324.07958984375
COL_314186,29410.08837890625
COL_314187,40705.4921875
COL_314190,53221.8564453125
COL_314196,32670.083984375
COL_314211,56570.47265625
COL_314230,45305.990234375
COL_314308,40535.888671875
COL_314419,36468.55224609375
COL_314536,28232.5126953125
COL_314628,36375.33447265625
COL_314746,48419.5458984375
COL_314818,52869.826171875
COL_314821,55562.4609375
COL_314859,36049.404296875
COL_314860,27374.90966796875
COL_314899,100779.1328125
COL_314907,34907.45654296875
COL_314997,23982.33935546875
COL_315015,77737.23046875
COL_315135,48883.326171875
COL_315502,35570.26904296875
COL_315578,46018.80859375
COL_315599,31496.9111328125
COL_315602,36907.63671875
COL_315621,53041.4765625
COL_315652,95278.775390625
COL_315673,168624.365234375
COL_315724,35300.81298828125
COL_315806,28578.7880859375
COL_315970,52309.78515625
COL_315976,32590.84033203125
COL_315977,28257.87158203125
COL_316014,28397.47705078125
COL_316015,50048.47265625
COL_316017,48850.3046875
COL_316021,45418.0673828125
COL_316022,33035.31201171875
COL_316023,42451.05224609375
COL_316024,45196.80078125
COL_316025,45019.6357421875
COL_316150,53368.298828125
COL_316180,96990.14453125
COL_316181,31979.595703125
COL_316289,47952.5126953125
COL_316308,26869.5400390625
COL_316323,31785.41650390625
COL_316387,22198.52099609375
COL_316388,22150.03369140625
COL_316389,25571.603515625
COL_316390,23810.13427734375
COL_316392,21195.02734375
COL_316423,22412.783203125
COL_316446,50171.505859375
COL_316448,48930.8037109375
COL_316562,39564.9189453125
COL_316629,40388.568359375
COL_316720,46751.052734375
COL_316897,167545.03125
COL_316942,28675.6103515625
COL_317174,41528.6064453125
COL_317405,46968.638671875
COL_317423,55957.142578125
COL_317789,41580.74853515625
COL_317930,65385.2177734375
COL_318181,73692.8544921875
COL_318209,64641.0712890625
COL_318336,41708.24853515625
COL_318357,24820.3115234375
COL_318384,32954.96142578125
COL_318425,43719.31298828125
COL_318499,32637.34619140625
COL_318575,81104.6513671875
COL_318696,76379.740234375
COL_318698,172745.908203125
COL_318712,55270.974609375
COL_318765,71184.029296875
COL_319064,71968.6298828125
COL_319104,49733.201171875
COL_319163,34145.51611328125
COL_319251,48195.5390625
COL_319500,40214.4814453125
COL_319542,138466.25390625
COL_319671,50122.1728515625
COL_319675,54962.14453125
COL_319987,39585.8818359375
COL_319998,26104.007568359375
COL_320000,29539.30712890625
COL_320001,29460.529296875
COL_320028,26772.19189453125
COL_320128,41777.76220703125
COL_320171,37065.572265625
COL_320291,53743.427734375
COL_320376,58183.798828125
COL_320430,37963.27001953125
COL_320446,36194.35400390625
COL_320452,27762.47265625
COL_320470,31530.2451171875
COL_320478,43399.3173828125
COL_320498,47343.7548828125
COL_320518,40580.1005859375
COL_320693,62711.6005859375
COL_320824,54934.1806640625
COL_320905,29038.7919921875
COL_320942,163837.591796875
COL_320966,41416.0908203125
COL_321061,51051.287109375
COL_321088,59915.462890625
COL_321099,68169.4111328125
COL_321128,158311.60546875
COL_321407,32846.63037109375
COL_321417,51940.25
COL_321427,53289.701171875
COL_321474,35387.109375
COL_321621,37750.16162109375
COL_321670,58917.0654296875
COL_321677,25060.4560546875
COL_321820,31388.71337890625
COL_322106,49938.5625
COL_322266,35719.03857421875
COL_322288,65641.8857421875
COL_322290,73793.904296875
COL_322311,28979.51416015625
COL_322356,68255.0380859375
COL_322378,46124.23681640625
COL_322380,37354.73193359375
COL_322428,53807.78125
COL_322436,46153.3076171875
COL_322462,40240.85400390625
COL_322463,29929.943359375
COL_322511,41281.8076171875
COL_322568,50000.4638671875
COL_322595,57876.791015625
COL_322623,35699.88427734375
COL_322624,66511.451171875
COL_322665,61567.3134765625
COL_322676,66630.3447265625
COL_322749,40176.84326171875
COL_322954,32563.322265625
COL_323025,72462.2919921875
COL_323034,53792.28515625
COL_323061,43910.4150390625
COL_323075,21679.842041015625
COL_323078,38150.53564453125
COL_323084,40199.63623046875
COL_323247,39251.3095703125
COL_323258,54461.072265625
COL_323261,80801.955078125
COL_323330,61914.21875
COL_323355,72615.04296875
COL_323590,32677.2880859375
COL_323647,45650.0751953125
COL_323671,40783.5283203125
COL_323683,172855.609375
COL_323882,42981.21240234375
COL_323938,51436.75390625
COL_324197,128601.568359375
COL_324268,30700.1083984375
COL_324269,33748.544921875
COL_324455,91584.177734375
COL_324459,88419.73828125
COL_324622,48247.5693359375
COL_324655,34485.2314453125
COL_324779,30598.2978515625
COL_324786,85782.951171875
COL_324787,79255.21484375
COL_324926,44587.353515625
COL_324927,47210.529296875
COL_324936,24320.746826171875
COL_324940,147151.40234375
COL_324941,34885.7646484375
COL_325131,86469.1611328125
COL_325182,39651.357421875
COL_325196,66145.4287109375
COL_325210,44411.841796875
COL_325348,43074.7158203125
COL_325392,37891.07080078125
COL_325405,51644.2998046875
COL_325545,175686.61328125
COL_325588,69413.1005859375
COL_325648,78195.912109375
COL_325649,78995.0556640625
COL_325650,69401.771484375
COL_325651,75690.318359375
COL_325652,66238.353515625
COL_325653,72092.00390625
COL_325696,63868.865234375
COL_325699,41662.4228515625
COL_325703,57141.6396484375
COL_325707,59598.96484375
COL_325847,34078.14306640625
COL_325884,34093.29931640625
COL_325904,60559.2724609375
COL_325905,50594.931640625
COL_325942,71297.0283203125
COL_325998,104056.802734375
COL_326043,38609.10791015625
COL_326045,41816.38671875
COL_326068,35544.91943359375
COL_326108,29571.4169921875
COL_326130,88897.033203125
COL_326171,34926.36767578125
COL_326268,43661.7353515625
COL_326466,46932.05224609375
COL_326531,37832.30322265625
COL_326680,43907.27978515625
COL_326753,41563.076171875
COL_326804,48788.99609375
COL_326997,48195.8505859375
COL_327062,46309.5185546875
COL_327071,27296.55712890625
COL_327138,36471.650390625
COL_327471,39436.32275390625
COL_327568,27710.57080078125
COL_327627,49577.37109375
COL_327732,48771.720703125
COL_328038,84575.4365234375
COL_328039,84838.1015625
COL_328086,37610.74951171875
COL_328127,62299.8173828125
COL_328128,43386.9013671875
COL_328240,43709.771484375
COL_328284,43120.2568359375
COL_328358,40377.43310546875
COL_328408,33752.931640625
COL_328598,32722.31396484375
COL_328785,34291.51953125
COL_328832,74139.9501953125
COL_328912,62488.6884765625
COL_328916,47534.87109375
COL_328952,48531.427734375
COL_328998,35163.45458984375
COL_329153,49063.9140625
COL_329196,43530.13671875
COL_329239,73055.044921875
COL_329262,60684.62890625
COL_329356,36104.2548828125
COL_329509,99516.693359375
COL_329554,33760.99560546875
COL_329557,40543.26806640625
COL_329663,38743.759765625
COL_329708,40665.51416015625
COL_329757,31297.27880859375
COL_329828,54824.072265625
COL_329829,42736.162109375
COL_329857,30496.1748046875
COL_330022,48544.826171875
COL_330075,40048.75732421875
COL_330085,51542.2529296875
COL_330199,58432.5927734375
COL_330234,53691.6181640625
COL_330254,61153.994140625
COL_330260,50611.8017578125
COL_330277,48760.4033203125
COL_330324,36626.72119140625
COL_330335,26765.357421875
COL_330474,70369.9716796875
COL_330477,40566.02978515625
COL_330553,88946.287109375
COL_330624,42645.5166015625
COL_330666,47150.37109375
COL_331046,71770.4267578125
COL_331047,58765.623046875
COL_331049,60145.1171875
COL_331062,150458.654296875
COL_331205,143408.306640625
COL_331263,38273.39599609375
COL_331270,36958.9248046875
COL_331278,56581.3388671875
COL_331289,34610.05078125
COL_331365,51575.16015625
COL_331412,64117.2861328125
COL_331441,46037.4052734375
COL_331442,45469.849609375
COL_331466,22781.91162109375
COL_331559,36938.6162109375
COL_331572,43020.70703125
COL_331601,31770.724609375
COL_331762,24688.76025390625
COL_332006,29556.99658203125
COL_332433,48436.8291015625
COL_332669,56901.583984375
COL_332717,25484.013671875
COL_332726,54273.181640625
COL_332856,28918.650390625
COL_332908,136458.037109375
COL_332909,124352.228515625
COL_332910,123463.91796875
COL_332939,55856.4794921875
COL_333190,136560.71875
COL_333309,55338.3251953125
COL_333329,37510.4501953125
COL_333350,44366.93212890625
COL_333390,39706.9404296875
COL_333472,44022.1396484375
COL_333473,80329.0478515625
COL_333518,48676.99609375
COL_333530,76215.498046875
COL_333545,77133.1455078125
COL_333556,37464.044921875
COL_333576,37178.65283203125
COL_333736,28581.15625
COL_333788,47564.3076171875
COL_333866,28936.14794921875
COL_333867,22948.31982421875
COL_333928,53357.115234375
COL_333957,35662.345703125
COL_334037,58072.146484375
COL_334047,49615.44140625
COL_334091,81696.50390625
COL_334183,40065.1904296875
COL_334229,55617.0068359375
COL_334288,161509.880859375
COL_334468,46135.19140625
COL_334548,27679.16650390625
COL_334639,34433.2490234375
COL_334741,40718.95849609375
COL_334989,72785.033203125
COL_335047,51150.5087890625
COL_335092,45222.9365234375
COL_335505,56392.337890625
COL_335523,36090.077880859375
COL_335574,79434.5478515625
COL_335589,51504.400390625
COL_335708,45520.3623046875
COL_335714,72330.857421875
COL_335836,38886.76953125
COL_336093,39496.3984375
COL_336095,39589.787109375
COL_336259,44418.5556640625
COL_336264,36359.06640625
COL_336267,32782.20849609375
COL_336462,139373.0078125
COL_336493,41164.24609375
COL_336495,37224.96142578125
COL_336499,45834.46484375
COL_336531,35200.90576171875
COL_336685,35687.55615234375
COL_336736,78748.154296875
COL_336855,46364.458984375
COL_336874,41423.24609375
COL_336932,28522.966796875
COL_336963,139832.58203125
COL_336967,43045.275390625
COL_337195,51858.3525390625
COL_337254,77494.283203125
COL_337273,55075.4111328125
COL_337309,48148.72265625
COL_337318,38594.53857421875
COL_337346,28442.73974609375
COL_337386,50029.56640625
COL_337590,28703.45556640625
COL_337593,35213.9384765625
COL_337666,40445.22265625
COL_337681,30212.6748046875
COL_337895,28185.8203125
COL_337901,81208.6083984375
COL_337971,46551.515625
COL_338002,34880.9013671875
COL_338038,47343.568359375
COL_338039,43521.2763671875
COL_338276,32196.51416015625
COL_338279,64471.2626953125
COL_338421,32111.30029296875
COL_338506,41753.8515625
COL_338557,48143.673828125
COL_338558,41653.29638671875
COL_338559,47677.4306640625
COL_338560,43893.40869140625
COL_338561,44329.884765625
COL_338562,50452.6689453125
COL_338607,54883.6787109375
COL_338609,46730.4326171875
COL_338673,40257.24658203125
COL_338850,35543.77783203125
COL_338864,43813.97900390625
COL_338944,40069.0439453125
COL_339089,84687.0458984375
COL_339113,35501.8623046875
COL_339428,37361.68310546875
COL_339440,28251.6015625
COL_339645,30831.90673828125
COL_339657,40667.1025390625
COL_339727,53057.80078125
COL_339728,53222.7158203125
COL_339729,60789.736328125
COL_339772,57414.552734375
COL_339793,37022.40576171875
COL_339822,33243.794921875
COL_339866,36671.05322265625
COL_339878,98974.7578125
COL_339889,32167.19873046875
COL_339893,34189.7470703125
COL_339912,74929.0283203125
COL_339987,34848.65673828125
COL_339993,63185.421875
COL_340011,73948.833984375
COL_340117,46507.373046875
COL_340369,49555.16796875
COL_340447,70145.75
COL_340462,48271.2373046875
COL_340506,29531.23486328125
COL_340519,55418.779296875
COL_340520,50204.818359375
COL_340521,40998.2451171875
COL_340655,152342.48046875
COL_340657,38840.73681640625
COL_340794,110875.798828125
COL_340796,42661.62353515625
COL_340898,99742.53515625
COL_340975,42201.28564453125
COL_340994,68597.2880859375
COL_340995,56679.869140625
COL_341014,39786.8974609375
COL_341069,134575.509765625
COL_341070,38833.962890625
COL_341184,50482.2392578125
COL_341212,34479.00341796875
COL_341220,44180.0966796875
COL_341237,47248.333984375
COL_341310,55632.2734375
COL_341351,32720.81494140625
COL_341414,68561.583984375
COL_341465,39491.27099609375
COL_341487,34205.37939453125
COL_341496,28959.853271484375
COL_341683,33421.546875
COL_341692,29994.767578125
COL_341722,81884.935546875
COL_341744,34584.3193359375
COL_341762,46354.5478515625
COL_341805,34513.6318359375
COL_341889,35656.8740234375
COL_341936,42474.4482421875
COL_342040,62922.900390625
COL_342111,52016.923828125
COL_342208,42509.22607421875
COL_342209,36015.89990234375
COL_342211,45427.4892578125
COL_342212,32936.41748046875
COL_342258,49237.43359375
COL_342326,51683.662109375
COL_342405,61976.029296875
COL_342407,39709.69921875
COL_342425,49286.8232421875
COL_342426,51323.41015625
COL_342438,41795.58642578125
COL_342505,61698.5576171875
COL_342623,31665.18798828125
COL_342714,50461.5322265625
COL_342734,26291.57763671875
COL_342947,56803.302734375
COL_342948,35083.28857421875
COL_343030,36660.08544921875
COL_343036,66727.7529296875
COL_343039,28873.03857421875
COL_343047,35901.083984375
COL_343070,26501.514404296875
COL_343169,129490.638671875
COL_343269,32330.3134765625
COL_343324,45840.7177734375
COL_343430,29469.634765625
COL_343527,24400.494140625
COL_343636,41261.5703125
COL_343649,35105.5986328125
COL_343852,41181.0322265625
COL_343866,88243.4990234375
COL_343993,76420.2314453125
COL_344179,41431.15869140625
COL_344278,41824.58984375
COL_344298,27225.88525390625
COL_344312,53088.2548828125
COL_344350,39308.8876953125
COL_344578,34641.25
COL_344772,42302.533203125
COL_344807,41533.95947265625
COL_344844,35833.53759765625
COL_344845,40029.14697265625
COL_344887,45051.39453125
COL_344960,32775.14111328125
COL_344969,190335.3515625
COL_345017,41046.59619140625
COL_345055,36368.78125
COL_345062,82051.564453125
COL_345102,85563.3291015625
COL_345117,94990.4609375
COL_345119,87485.03515625
COL_345171,38866.15478515625
COL_345187,71770.40234375
COL_345195,171816.8125
COL_345287,44955.8544921875
COL_345351,61769.6884765625
COL_345558,34549.673828125
COL_345594,36182.2861328125
COL_345718,45377.8701171875
COL_345723,40257.6103515625
COL_345736,50010.189453125
COL_345839,57100.1171875
COL_345884,44022.03125
COL_345971,28130.33251953125
COL_345996,47152.068359375
COL_346013,145346.4921875
COL_346015,152468.82421875
COL_346208,51139.185546875
COL_346276,38266.10595703125
COL_346296,43581.59619140625
COL_346516,55927.30859375
COL_346518,47367.09375
COL_346522,64342.7734375
COL_346623,74501.3427734375
COL_346677,150818.931640625
COL_346698,42520.03076171875
COL_346776,68059.03125
COL_346813,48196.2138671875
COL_346829,37903.11474609375
COL_346974,51005.916015625
COL_346975,55467.22265625
COL_347000,46192.083984375
COL_347011,92442.2109375
COL_347186,47444.13037109375
COL_347284,50274.296875
COL_347293,30089.2294921875
COL_347332,39906.93017578125
COL_347353,41048.611328125
COL_347436,56723.0263671875
COL_347488,31415.39306640625
COL_347618,32489.775390625
COL_347620,32205.88330078125
COL_347621,43534.7333984375
COL_347634,58273.5302734375
COL_347686,32987.107421875
COL_347694,35535.07861328125
COL_347737,82867.0400390625
COL_347777,64621.0712890625
COL_347852,49773.318359375
COL_347970,35174.75341796875
COL_348009,34899.53076171875
COL_348076,79000.7001953125
COL_348077,99284.189453125
COL_348272,70463.109375
COL_348274,51903.9814453125
COL_348275,51344.376953125
COL_348278,47679.7548828125
COL_348281,39480.880859375
COL_348383,71180.0771484375
COL_348436,40214.439453125
COL_348447,32854.74560546875
COL_348483,34150.18408203125
COL_348681,35254.59326171875
COL_348731,32846.79052734375
COL_348733,42200.09814453125
COL_348757,46449.0048828125
COL_348893,39175.283203125
COL_349002,158008.94921875
COL_349029,53332.9384765625
COL_349110,28911.83251953125
COL_349213,30334.40283203125
COL_349214,30626.8740234375
COL_349215,35566.00732421875
COL_349216,40284.33349609375
COL_349601,33551.31005859375
COL_349602,34543.10400390625
COL_349643,33219.626953125
COL_349719,44613.1298828125
COL_349774,25563.06591796875
COL_349777,33791.55322265625
COL_350115,40235.65478515625
COL_350169,34959.10791015625
COL_350175,78848.380859375
COL_350245,42588.93212890625
COL_350246,45371.564453125
COL_350338,51595.9638671875
COL_350353,34645.7373046875
COL_350357,51132.3125
COL_350456,34055.24658203125
COL_350457,32267.95703125
COL_350458,46886.8017578125
COL_350459,35685.22900390625
COL_350476,39639.8642578125
COL_350497,162251.21875
COL_350564,158593.638671875
COL_350594,51361.587890625
COL_350743,37865.0576171875
COL_350761,110934.28515625
COL_350762,122762.478515625
COL_350764,90901.15625
COL_350784,45701.822265625
COL_350851,51292.90625
COL_351049,50399.7861328125
COL_351088,173227.962890625
COL_351213,44351.2392578125
COL_351274,45314.810546875
COL_351380,27441.37353515625
COL_351688,37639.759765625
COL_351715,38501.2314453125
COL_351762,46297.5126953125
COL_351901,48982.0029296875
COL_352368,164283.263671875
COL_352392,46687.6123046875
COL_352397,45006.138671875
COL_352422,182087.994140625
COL_352637,33184.37890625
COL_352991,54414.3603515625
COL_353024,57585.0576171875
COL_353028,37258.59423828125
COL_353059,38893.794921875
COL_353225,62970.451171875
COL_353243,31462.93017578125
COL_353323,24811.435546875
COL_353376,31409.59375
COL_353452,42928.21533203125
COL_353740,37326.90283203125
COL_353741,33075.38427734375
COL_353798,44227.48828125
COL_353848,37745.55029296875
COL_353860,38477.3828125
COL_354005,65230.1240234375
COL_354013,33944.15087890625
COL_354017,28015.0927734375
COL_354058,76438.0703125
COL_354370,57720.759765625
COL_354379,48776.6181640625
COL_354384,32731.99169921875
COL_354401,39299.91064453125
COL_354414,47808.625
COL_354422,40967.240234375
COL_354535,36186.9140625
COL_354630,46037.4580078125
COL_354696,35832.58251953125
COL_354775,56867.87890625
COL_354795,42709.9326171875
COL_355174,39457.4326171875
COL_355178,32392.5439453125
COL_355241,48193.1474609375
COL_355242,44487.2744140625
COL_355332,44189.10498046875
COL_355356,53007.2275390625
COL_355412,45536.44873046875
COL_355457,22527.450927734375
COL_355532,38783.0126953125
COL_355579,98497.7734375
COL_355627,40656.9267578125
COL_355640,84783.48828125
COL_355642,42914.1044921875
COL_355643,37939.3955078125
COL_355644,49932.955078125
COL_355702,53504.71484375
COL_355851,26828.614501953125
COL_355942,35193.6181640625
COL_355991,47599.10546875
COL_356015,36445.9404296875
COL_356199,73785.3779296875
COL_356201,59574.7373046875
COL_356441,238542.69140625
COL_356469,33089.8447265625
COL_356497,42316.142578125
COL_356528,84061.4208984375
COL_356531,55048.70703125
COL_356616,39272.43603515625
COL_356638,49423.9130859375
COL_356826,43020.486328125
COL_356832,50159.7001953125
COL_356954,42839.1953125
COL_356964,16581.141845703125
COL_356974,27781.03662109375
COL_356984,18905.30419921875
COL_356999,32044.40966796875
COL_357040,78902.9697265625
COL_357043,35322.6630859375
COL_357044,34138.87646484375
COL_357159,56385.59375
COL_357177,37878.7470703125
COL_357179,44361.81494140625
COL_357180,47292.150390625
COL_357214,33023.60107421875
COL_357243,52829.80078125
COL_357294,169352.927734375
COL_357296,50789.3916015625
COL_357328,17695.047119140625
COL_357329,15376.907470703125
COL_357331,15561.52392578125
COL_357591,31454.37255859375
COL_357674,47269.2109375
COL_357819,43906.333984375
COL_357939,45849.328125
COL_357974,47400.4072265625
COL_358084,34619.29052734375
COL_358132,35568.974609375
COL_358232,27767.13671875
COL_358276,32571.4287109375
COL_358345,94302.353515625
COL_358346,75653.58203125
COL_358399,144676.240234375
COL_358409,46497.0634765625
COL_358650,44587.8837890625
COL_358680,47056.302734375
COL_358681,44471.84814453125
COL_358684,31318.908203125
COL_358785,39461.69384765625
COL_358809,46367.6123046875
COL_358838,34379.55029296875
COL_358860,43879.40576171875
COL_358903,24487.11962890625
COL_358918,45501.8046875
COL_358919,42537.451171875
COL_359017,88894.4873046875
COL_359184,81242.677734375
COL_359231,35583.7216796875
COL_359287,70553.4609375
COL_359445,25784.09423828125
COL_359491,44489.19091796875
COL_359659,52323.2236328125
COL_359709,33447.40576171875
COL_359737,66872.087890625
COL_359790,43245.67822265625
COL_359919,42883.3603515625
COL_359952,36792.50390625
COL_359998,40902.92578125
COL_360122,48242.02587890625
COL_360130,36050.9453125
COL_360208,39318.1494140625
COL_360271,36378.10009765625
COL_360276,40978.75048828125
COL_360277,70298.5224609375
COL_360356,34256.7041015625
COL_360445,42728.1328125
COL_360564,30551.67578125
COL_360668,40906.9794921875
COL_360703,51304.9033203125
COL_360822,45277.51171875
COL_361154,40762.05078125
COL_361255,114728.921875
COL_361394,39481.083984375
COL_361459,40092.30029296875
COL_361605,41762.4873046875
COL_361689,35315.85986328125
COL_361827,33592.4013671875
COL_361842,43311.7744140625
COL_361905,101671.578125
COL_361973,156239.294921875
COL_362013,133550.744140625
COL_362046,33290.794921875
COL_362150,48331.634765625
COL_362151,43308.943359375
COL_362152,35657.85400390625
COL_362153,33050.60986328125
COL_362154,34553.716796875
COL_362229,35945.10693359375
COL_362246,111482.75390625
COL_362248,148774.005859375
COL_362262,34988.03125
COL_362294,160856.89453125
COL_362348,41594.8388671875
COL_362497,58224.9580078125
COL_362498,47703.3447265625
COL_362499,37902.76611328125
COL_362500,35333.822265625
COL_362501,43405.275390625
COL_362502,34015.49755859375
COL_362503,28030.5234375
COL_362504,49046.20703125
COL_362505,39893.28271484375
COL_362506,53683.5009765625
COL_362507,38448.306640625
COL_362508,45428.83154296875
COL_362583,38048.7626953125
COL_362707,29822.9580078125
COL_362717,38579.38134765625
COL_362999,35297.81103515625
COL_363073,32652.42578125
COL_363180,38467.3251953125
COL_363332,20214.91162109375
COL_363375,35750.36669921875
COL_363376,46111.333984375
COL_363408,44841.88720703125
COL_363479,38589.7021484375
COL_363480,51728.1904296875
COL_363826,43707.548828125
COL_363911,44966.70166015625
COL_364047,55005.796875
COL_364051,30632.7158203125
COL_364053,41883.59765625
COL_364201,36861.93310546875
COL_364302,42832.94580078125
COL_364411,49684.2705078125
COL_364507,49611.2841796875
COL_364716,68174.6611328125
COL_364810,39552.1572265625
COL_364830,64068.392578125
COL_364885,33278.927734375
COL_364889,30019.328125
COL_364994,49582.8564453125
COL_365066,34030.775390625
COL_365439,46815.7861328125
COL_365528,34582.39501953125
COL_365550,48647.70947265625
COL_365615,158441.443359375
COL_365632,125520.767578125
COL_365671,28443.23095703125
COL_365899,45783.82763671875
COL_365987,51260.7548828125
COL_366038,61514.3466796875
COL_366048,38184.81396484375
COL_366184,47417.5625
COL_366254,162119.29296875
COL_366349,44334.03515625
COL_366512,37011.736328125
COL_366696,39755.96435546875
COL_366865,43423.33154296875
COL_367190,33702.54931640625
COL_367202,60917.685546875
COL_367213,43078.3515625
COL_367229,41743.4326171875
COL_367256,59469.3466796875
COL_367288,50602.916015625
COL_367318,52374.1279296875
COL_367362,35544.47802734375
COL_367381,35664.85693359375
COL_367407,64149.087890625
COL_367515,31435.1484375
COL_367614,36827.76416015625
COL_367646,24427.939453125
COL_367648,39952.966796875
COL_367807,49234.927734375
COL_367808,47105.40771484375
COL_367889,42955.2138671875
COL_367998,41100.72705078125
COL_368007,130632.189453125
COL_368014,35166.96484375
COL_368023,51872.3212890625
COL_368040,42699.64794921875
COL_368045,68048.15625
COL_368104,50745.9228515625
COL_368389,42131.4560546875
COL_368391,36775.23291015625
COL_368397,43584.94091796875
COL_368411,30099.5
COL_368415,61804.0615234375
COL_368444,75631.712890625
COL_368452,62142.76171875
COL_368453,49774.2216796875
COL_368606,39894.23876953125
COL_368697,42970.38671875
COL_368754,44543.01416015625
COL_368783,29212.09912109375
COL_368824,31328.4970703125
COL_368829,42560.25146484375
COL_369107,41656.23828125
COL_369112,48554.416015625
COL_369173,49300.5546875
COL_369210,32451.1689453125
COL_369256,55787.205078125
COL_369278,31772.98193359375
COL_369313,32153.8798828125
COL_369325,53675.06640625
COL_369342,63437.3955078125
COL_369376,42828.23388671875
COL_369391,60458.96484375
COL_369476,49668.8955078125
COL_369546,29015.337890625
COL_369589,47320.361328125
COL_369645,27936.9521484375
COL_369668,41917.43408203125
COL_369718,45929.9345703125
COL_369721,63517.54296875
COL_369751,66523.98828125
COL_369882,52017.1474609375
COL_369926,30396.5791015625
COL_370048,50723.609375
COL_370103,48900.205078125
COL_370147,48425.2265625
COL_370197,124628.46484375
COL_370225,36267.181640625
COL_370443,51582.65234375
COL_370450,32338.0048828125
COL_370459,163752.509765625
COL_370464,56542.71875
COL_370662,73764.5205078125
COL_370698,45413.263671875
COL_370735,50782.5634765625
COL_370805,46641.078125
COL_370808,35875.94775390625
COL_370830,39882.400390625
COL_370924,23190.97021484375
COL_371007,40752.48486328125
COL_371017,31148.25634765625
COL_371052,43069.7724609375
COL_371053,45015.166015625
COL_371091,42806.35498046875
COL_371132,32161.1474609375
COL_371154,39568.62548828125
COL_371167,34516.634765625
COL_371424,36225.4482421875
COL_371437,31249.22802734375
COL_371438,23017.93017578125
COL_371439,23186.582763671875
COL_371519,38752.60400390625
COL_371520,75422.16015625
COL_371524,46418.53125
COL_371544,57275.1513671875
COL_371597,139470.935546875
COL_371613,67540.2646484375
COL_371651,113299.703125
COL_371663,162499.373046875
COL_371669,174745.48046875
COL_371678,75059.2880859375
COL_371685,31700.9296875
COL_371692,46501.595703125
COL_371738,28963.4931640625
COL_371773,70163.9892578125
COL_371787,70534.638671875
COL_372293,78706.0087890625
COL_372323,34497.5791015625
COL_372367,40989.24755859375
COL_372424,38956.54052734375
COL_372425,58119.1083984375
COL_372443,146631.09765625
COL_372456,45520.75537109375
COL_372498,48880.7255859375
COL_372559,28589.517578125
COL_372561,39734.1845703125
COL_372592,56443.0625
COL_372593,46075.5869140625
COL_372603,84044.3603515625
COL_372619,47108.412109375
COL_372713,64738.6455078125
COL_372777,41261.8779296875
COL_372803,55302.9248046875
COL_372841,86881.375
COL_372873,40493.10302734375
COL_372875,62204.244140625
COL_372902,76484.146484375
COL_372920,35570.5771484375
COL_372930,178734.015625
COL_372932,180489.90625
COL_372945,173957.40625
COL_372969,47609.8740234375
COL_373027,44888.0634765625
COL_373071,54408.7607421875
COL_373075,37244.17333984375
COL_373101,46174.212890625
COL_373105,41790.23876953125
COL_373106,39092.64990234375
COL_373107,36249.59765625
COL_373108,36740.39404296875
COL_373180,29511.72705078125
COL_373195,145058.560546875
COL_373197,144060.3671875
COL_373289,75800.3095703125
COL_373291,38906.6337890625
COL_373414,47542.4365234375
COL_373415,76372.7890625
COL_373441,85888.9736328125
COL_373467,44633.9521484375
COL_373522,58112.923828125
COL_373627,33011.1337890625
COL_373675,169824.328125
COL_373917,63560.91015625
COL_373938,159676.328125
COL_374058,31018.0556640625
COL_374154,168973.654296875
COL_374182,39776.50341796875
COL_374183,80726.3896484375
COL_374232,47049.8486328125
COL_374272,49059.783203125
COL_374299,38730.10107421875
COL_374416,29660.3583984375
COL_374494,45670.751953125
COL_374515,41368.5498046875
COL_374570,73946.294921875
COL_374858,28685.90576171875
COL_374867,26340.67626953125
COL_374899,47316.79736328125
COL_374955,46738.798828125
COL_374975,40857.8935546875
COL_374997,36099.30712890625
COL_375026,39898.7958984375
COL_375033,35068.4931640625
COL_375103,37651.2314453125
COL_375118,35888.68359375
COL_375119,42846.251953125
COL_375120,34164.64599609375
COL_375121,34526.0234375
COL_375183,36265.908203125
COL_375452,46337.130859375
COL_375463,71362.3505859375
COL_375672,34554.62841796875
COL_375673,33783.3525390625
COL_375716,168913.326171875
COL_375781,38484.0830078125
COL_375859,29892.3984375
COL_375888,42975.720703125
COL_375893,166850.35546875
COL_375899,44673.400390625
COL_376021,46927.7587890625
COL_376102,173775.083984375
COL_376206,43250.564453125
COL_376211,41074.17333984375
COL_376366,160093.333984375
COL_376367,150994.78125
COL_376368,114921.73828125
COL_376405,62181.1328125
COL_376443,183422.4375
COL_376475,42104.1298828125
COL_376477,35915.84619140625
COL_376499,146805.22265625
COL_376500,153863.91015625
COL_376524,53721.46484375
COL_376613,36258.1748046875
COL_376661,40624.92529296875
COL_376674,55207.3388671875
COL_376690,27862.89208984375
COL_376712,54153.89453125
COL_376778,37008.3837890625
COL_376800,28340.818359375
COL_376801,27543.0234375
COL_377066,34548.01904296875
COL_377074,35772.36279296875
COL_377093,56015.2841796875
COL_377113,30645.1484375
COL_377118,40419.86474609375
COL_377131,45256.2353515625
COL_377356,25911.58935546875
COL_377543,38042.5
COL_377546,49786.9033203125
COL_377548,49866.4326171875
COL_377689,156988.646484375
COL_377713,75246.5498046875
COL_377714,74186.890625
COL_377715,53698.7373046875
COL_377731,44838.861328125
COL_377732,127765.787109375
COL_377910,43547.45556640625
COL_377931,52844.1689453125
COL_377977,31460.9560546875
COL_378088,37607.32373046875
COL_378144,44501.046875
COL_378155,28966.96435546875
COL_378170,58056.421875
COL_378178,52183.1396484375
COL_378194,37891.8740234375
COL_378195,76098.3515625
COL_378227,26949.46044921875
COL_378236,56638.0732421875
COL_378342,102611.53515625
COL_378364,51939.9775390625
COL_378406,40488.46923828125
COL_378444,51548.5126953125
COL_378460,30307.22509765625
COL_378506,49885.158203125
COL_378544,37915.380859375
COL_378740,50542.7412109375
COL_378743,29646.86181640625
COL_378846,26943.52392578125
COL_378872,26642.8408203125
COL_378873,182847.0859375
COL_378880,65595.52734375
COL_378885,48613.814453125
COL_378904,31415.77734375
COL_378971,33094.30712890625
COL_378972,39468.89599609375
COL_379131,40857.453125
COL_379199,43483.03662109375
COL_379283,34924.43505859375
COL_379294,40805.66064453125
COL_379338,49596.158203125
COL_379341,78501.1513671875
COL_379374,145725.642578125
COL_379401,39967.71728515625
COL_379549,31156.27587890625
COL_379551,30680.45849609375
COL_379552,38147.91259765625
COL_379553,41343.25146484375
COL_379554,37684.5595703125
COL_379555,35668.2080078125
COL_379572,118458.3984375
COL_379670,24172.4375
COL_379673,37101.36767578125
COL_379680,78972.474609375
COL_379744,40872.6669921875
COL_379766,32130.18896484375
COL_379823,34798.240234375
COL_379827,35380.8046875
COL_379833,53583.666015625
COL_379915,20086.654296875
COL_380084,39013.7177734375
COL_380212,55156.0859375
COL_380276,61145.060546875
COL_380379,35615.583984375
COL_380404,43024.68994140625
COL_380433,49280.3955078125
COL_380581,58042.9404296875
COL_380583,57091.3779296875
COL_380584,66650.6318359375
COL_380676,81055.267578125
COL_380727,177659.078125
COL_380729,26110.685546875
COL_380779,47142.1181640625
COL_380849,40937.91845703125
COL_380889,29450.09375
COL_380920,30754.0107421875
COL_380981,27263.6220703125
COL_381005,48823.486328125
COL_381044,41812.197265625
COL_381093,33293.7890625
COL_381129,44070.32421875
COL_381130,66327.837890625
COL_381131,57036.802734375
COL_381133,69598.83984375
COL_381134,50761.3623046875
COL_381135,53052.9365234375
COL_381189,45666.2998046875
COL_381190,42958.6953125
COL_381202,21321.92138671875
COL_381203,24261.578125
COL_381204,24016.75048828125
COL_381231,37104.23681640625
COL_381295,48893.6337890625
COL_381296,46269.5185546875
COL_381371,31504.2890625
COL_381445,38701.44970703125
COL_381470,42417.2734375
COL_381567,61410.0517578125
COL_381672,46703.5009765625
COL_381741,34606.9228515625
COL_381885,37468.080078125
COL_381909,41241.91796875
COL_382242,63541.5859375
COL_382342,73718.693359375
COL_382345,53480.7548828125
COL_382539,47895.453125
COL_382709,42007.91455078125
COL_382788,37674.45654296875
COL_382792,79001.7265625
COL_382995,49689.029296875
COL_383020,50500.1796875
COL_383043,37354.3759765625
COL_383046,38190.3486328125
COL_383264,164034.990234375
COL_383272,62219.7236328125
COL_383299,40171.38134765625
COL_383308,32291.92724609375
COL_383393,43090.16015625
COL_383454,53366.279296875
COL_383480,48231.8583984375
COL_383482,37485.1640625
COL_383558,67540.53125
COL_383684,67852.9033203125
COL_383726,26733.38818359375
COL_383773,51361.6083984375
COL_383810,43613.79443359375
COL_383855,45978.8671875
COL_383866,52866.2138671875
COL_383966,36888.27392578125
COL_383981,34188.2177734375
COL_384006,42095.14794921875
COL_384016,43951.1171875
COL_384022,44988.44091796875
COL_384106,88544.58203125
COL_384116,201301.3359375
COL_384222,183588.1328125
COL_384231,42601.25439453125
COL_384295,48696.8291015625
COL_384325,52436.2138671875
COL_384362,44616.98828125
COL_384398,49283.5654296875
COL_384499,43652.9130859375
COL_384636,68679.1298828125
COL_384650,27705.29296875
COL_384670,70683.09765625
COL_384718,45362.599609375
COL_384720,163275.806640625
COL_384721,151271.865234375
COL_384722,154796.27734375
COL_384723,158399.998046875
COL_384724,148215.591796875
COL_384725,145316.140625
COL_384726,165027.373046875
COL_384727,151592.1328125
COL_384730,26295.398681640625
COL_384743,43835.5966796875
COL_384801,47966.39453125
COL_384841,108764.546875
COL_384884,61145.712890625
COL_384916,32163.77587890625
COL_385075,32985.04736328125
COL_385133,56087.6025390625
COL_385148,67088.791015625
COL_385149,68528.9501953125
COL_385150,57041.94140625
COL_385159,49639.140625
COL_385204,71861.560546875
COL_385211,28454.36083984375
COL_385220,54611.486328125
COL_385264,48893.2353515625
COL_385312,38752.193359375
COL_385327,50577.0302734375
COL_385345,43715.626953125
COL_385371,37264.3046875
COL_385388,34067.6982421875
COL_385489,28784.599609375
COL_385511,34387.24853515625
COL_385541,157982.3359375
COL_385575,91431.029296875
COL_385576,70931.7939453125
COL_385683,44462.69921875
COL_385739,27746.44482421875
COL_385814,41097.8505859375
COL_385828,164605.66015625
COL_385939,31144.1279296875
COL_386160,71909.353515625
COL_386195,73877.150390625
COL_386279,53650.3310546875
COL_386331,37533.939453125
COL_386767,41297.208984375
COL_386784,75511.2001953125
COL_386857,32733.14208984375
COL_386871,66363.2216796875
COL_386878,71970.6572265625
COL_386926,38700.71826171875
COL_386954,43157.79736328125
COL_387107,48486.2001953125
COL_387125,30750.5859375
COL_387135,82946.205078125
COL_387155,47927.716796875
COL_387163,43535.7119140625
COL_387211,41728.6435546875
COL_387222,34499.92822265625
COL_387276,30100.537109375
COL_387277,45482.60302734375
COL_387280,49001.7626953125
COL_387304,44286.36865234375
COL_387357,32267.72705078125
COL_387381,37422.62646484375
COL_387425,94055.787109375
COL_387426,107166.94921875
COL_387452,157055.716796875
COL_387541,161945.197265625
COL_387600,32321.0830078125
COL_387837,36828.0517578125
COL_387921,41644.306640625
COL_387922,111629.169921875
COL_387925,49432.3984375
COL_387934,30088.041015625
COL_387935,34618.228515625
COL_387937,36978.44482421875
COL_387947,27686.6318359375
COL_387952,48357.7294921875
COL_388150,62050.7783203125
COL_388157,38777.75146484375
COL_388176,133659.005859375
COL_388178,48696.1669921875
COL_388246,48201.4462890625
COL_388315,42360.09521484375
COL_388325,42657.83544921875
COL_388360,47504.654296875
COL_388403,79693.4453125
COL_388416,58901.8310546875
COL_388433,48981.7822265625
COL_388447,53232.4638671875
COL_388465,29900.8876953125
COL_388500,37848.44677734375
COL_388505,76366.2939453125
COL_388507,32186.54052734375
COL_388578,66670.0546875
COL_388589,43269.2275390625
COL_388651,38835.8408203125
COL_388675,35300.67919921875
COL_388732,51347.3701171875
COL_388790,38119.43359375
COL_388863,43203.0078125
COL_388911,47205.2685546875
COL_388927,48141.8701171875
COL_388962,47590.6513671875
COL_388964,58803.9521484375
COL_389021,128957.029296875
COL_389080,60620.4697265625
COL_389139,93704.166015625
COL_389140,83545.2333984375
COL_389175,35786.46728515625
COL_389176,42785.12255859375
COL_389230,45002.0029296875
COL_389264,72217.330078125
COL_389373,53646.7236328125
COL_389408,155595.009765625
COL_389425,36322.58056640625
COL_389438,58072.12158203125
COL_389459,43188.544921875
COL_389488,31544.6728515625
COL_389576,56786.5888671875
COL_389663,44588.79345703125
COL_389787,75896.3017578125
COL_389803,46955.4482421875
COL_389884,51816.73828125
COL_389891,38443.361328125
COL_389905,154304.541015625
COL_390149,44453.67333984375
COL_390150,36597.892578125
COL_390151,37306.38037109375
COL_390152,51677.3486328125
COL_390176,36172.60595703125
COL_390177,44177.0048828125
COL_390178,34878.26220703125
COL_390179,35501.26513671875
COL_390180,37961.5498046875
COL_390181,38388.80224609375
COL_390237,39103.29833984375
COL_390259,40902.15966796875
COL_390270,54006.8173828125
COL_390312,66499.2021484375
COL_390313,66561.25390625
COL_390320,76824.068359375
COL_390321,73265.36328125
COL_390322,79671.4619140625
COL_390390,38630.7197265625
COL_390394,31714.56201171875
COL_390447,47069.01953125
COL_390474,41691.67578125
COL_390485,40046.28369140625
COL_390656,42505.50439453125
COL_390675,59565.703125
COL_390720,46489.9580078125
COL_390759,38016.88623046875
COL_390760,42687.7822265625
COL_390761,179621.9296875
COL_391004,51905.26953125
COL_391012,49494.09375
COL_391064,149843.271484375
COL_391101,35957.23095703125
COL_391115,50956.2255859375
COL_391171,26255.978515625
COL_391285,59044.8232421875
COL_391330,45394.29833984375
COL_391418,48746.1142578125
COL_391464,35842.25927734375
COL_391466,27053.984375
COL_391556,29879.3017578125
COL_391648,27051.9189453125
COL_391650,36707.89892578125
COL_391754,39787.30859375
COL_392218,83488.3720703125
COL_392243,53093.0166015625
COL_392279,22737.473876953125
COL_392303,41150.2109375
COL_392497,44110.7353515625
COL_392554,39254.890625
COL_392663,41905.849609375
COL_392737,35049.62646484375
COL_392878,44458.90673828125
COL_392908,42652.0634765625
COL_393015,58273.064453125
COL_393045,47107.802734375
COL_393092,57116.4609375
COL_393145,29036.57861328125
COL_393278,51194.03515625
COL_393287,27039.25146484375
COL_393363,29702.88134765625
COL_393454,42702.51416015625
COL_393463,32596.01318359375
COL_393493,51181.74609375
COL_393543,149851.994140625
COL_393581,40242.919921875
COL_393625,40675.24658203125
COL_393647,36990.51953125
COL_393648,35604.14404296875
COL_393761,36136.14306640625
COL_393770,178703.984375
COL_393784,161771.056640625
COL_393830,116359.404296875
COL_393834,123235.5546875
COL_393843,71724.619140625
COL_393924,27159.265869140625
COL_393930,37692.40869140625
COL_393931,33791.419921875
COL_393953,37455.33056640625
COL_394142,41979.9384765625
COL_394224,143909.400390625
COL_394448,73079.1826171875
COL_394726,54465.599609375
COL_394737,41985.623046875
COL_394738,34450.3046875
COL_394764,188968.78515625
COL_394777,32253.9931640625
COL_394783,22363.974609375
COL_394811,69977.8486328125
COL_394849,63204.884765625
COL_394857,71209.083984375
COL_394922,35550.2490234375
COL_394988,41169.54443359375
COL_395063,53881.71484375
COL_395135,41565.375
COL_395184,60832.5302734375
COL_395191,27975.90576171875
COL_395196,54111.4267578125
COL_395197,61975.158203125
COL_395209,38797.50732421875
COL_395214,53080.5625
COL_395226,54627.2451171875
COL_395281,110946.50390625
COL_395296,30098.8056640625
COL_395344,35891.96630859375
COL_395573,72209.71484375
COL_395574,73132.681640625
COL_395608,36679.529296875
COL_395713,31782.82958984375
COL_395714,35437.66650390625
COL_395715,32714.521484375
COL_395717,53586.8955078125
COL_395718,44355.41455078125
COL_395771,24154.37646484375
COL_395816,184968.34375
COL_395841,37003.2529296875
COL_395898,48278.0712890625
COL_395904,51831.365234375
COL_395929,51101.783203125
COL_396047,138136.392578125
COL_396072,42753.31103515625
COL_396104,158628.296875
COL_396114,40969.400390625
COL_396161,31074.4521484375
COL_396162,36077.8720703125
COL_396197,46425.3505859375
COL_396213,43387.9462890625
COL_396366,37250.25
COL_396368,32984.03466796875
COL_396373,33763.20458984375
COL_396385,39593.62158203125
COL_396389,68329.8525390625
COL_396399,43096.91064453125
COL_396434,50267.7685546875
COL_396522,49430.935546875
COL_396536,43228.26171875
COL_396544,46951.546875
COL_396605,44273.3037109375
COL_396766,38571.8837890625
COL_396828,36220.166015625
COL_396833,39007.2099609375
COL_396838,37922.70263671875
COL_396937,48758.2041015625
COL_396959,42416.509765625
COL_396960,57702.203125
COL_396961,43213.404296875
COL_396975,41493.7587890625
COL_397004,40797.654296875
COL_397068,54247.623046875
COL_397220,43921.3466796875
COL_397251,47455.5400390625
COL_397387,25459.92431640625
COL_397408,136743.923828125
COL_397515,186318.365234375
COL_397613,41457.79931640625
COL_397736,42457.6357421875
COL_397747,47405.666015625
COL_397860,42533.70654296875
COL_397875,20804.364501953125
COL_397928,48557.0498046875
COL_398072,44189.203125
COL_398073,46964.427734375
COL_398193,41309.6875
COL_398230,52267.423828125
COL_398232,106598.689453125
COL_398238,55452.6767578125
COL_398375,34411.22412109375
COL_398381,39810.599609375
COL_398395,46236.67578125
COL_398412,34816.79931640625
COL_398466,44238.4501953125
COL_398494,38798.59912109375
COL_398545,35826.14990234375
COL_398781,51398.1865234375
COL_398819,63386.310546875
COL_398836,43609.87255859375
COL_398868,172295.78125
COL_398879,37467.06396484375
COL_398902,40123.58984375
COL_398904,60331.22265625
COL_399019,29412.654296875
COL_399049,51354.97265625
COL_399059,34596.67138671875
COL_399127,63033.4091796875
COL_399459,57365.1923828125
COL_399529,42731.74169921875
COL_399530,37893.55615234375
COL_399886,105803.92578125
COL_399931,58166.6904296875
COL_400024,76010.10546875
COL_400104,56619.4267578125
COL_400156,41023.78173828125
COL_400161,31466.19873046875
COL_400207,35238.13330078125
COL_400215,45987.5244140625
COL_400271,50020.2939453125
COL_400272,49234.298828125
COL_400380,35592.90576171875
COL_400422,19090.837646484375
COL_400487,62534.666015625
COL_400545,53959.1201171875
COL_400546,49537.8037109375
COL_400549,56421.60546875
COL_400554,52328.373046875
COL_400610,39790.9130859375
COL_400630,37317.4150390625
COL_400640,57746.15234375
COL_400645,58741.98828125
COL_400652,32952.390625
COL_400802,37508.08642578125
COL_400811,57775.8681640625
COL_400840,60826.060546875
COL_400904,55111.248046875
COL_400940,156614.939453125
COL_401007,50598.943359375
COL_401013,47090.6904296875
COL_401269,56107.4716796875
COL_401392,205662.39453125
COL_401419,74919.5537109375
COL_401547,38908.4130859375
COL_401587,67041.162109375
COL_401661,59964.07421875
COL_401705,45328.736328125
COL_401767,48352.392578125
COL_401797,43430.3896484375
COL_401868,51220.3701171875
COL_402016,39671.66796875
COL_402348,28429.73193359375
COL_402421,36625.740234375
COL_402474,45409.33837890625
COL_402475,92359.529296875
COL_402507,31915.12109375
COL_402530,48767.7822265625
COL_402555,45994.11328125
COL_402739,143799.869140625
COL_402789,35430.8212890625
COL_402795,36088.0791015625
COL_402894,31223.27587890625
COL_402928,47858.0048828125
COL_402934,70028.5556640625
COL_402936,61403.0673828125
COL_402957,49616.4150390625
COL_403052,44541.6533203125
COL_403101,65265.54296875
COL_403137,52742.29296875
COL_403139,41265.677734375
COL_403160,38537.20556640625
COL_403161,41786.47265625
COL_403162,46383.95556640625
COL_403165,41424.37158203125
COL_403242,38527.44287109375
COL_403418,36412.49755859375
COL_403560,33700.6865234375
COL_403564,41188.7197265625
COL_403610,44546.7119140625
COL_403634,56545.2890625
COL_403737,56009.3076171875
COL_403848,46661.9599609375
COL_403854,49399.71484375
COL_403937,50480.9619140625
COL_404130,140878.322265625
COL_404143,48610.8642578125
COL_404183,34515.8310546875
COL_404215,52021.8916015625
COL_404333,63821.5126953125
COL_404345,42744.43994140625
COL_404438,80943.2109375
COL_404439,50323.77734375
COL_404491,156520.451171875
COL_404576,35068.5966796875
COL_404620,35543.66845703125
COL_404651,33333.7373046875
COL_404736,31437.35498046875
COL_404745,33948.3251953125
COL_404784,48784.9072265625
COL_404872,35612.42578125
COL_405059,46949.9912109375
COL_405127,33245.86572265625
COL_405143,57623.4755859375
COL_405156,45651.8564453125
COL_405235,33000.85546875
COL_405303,43386.423828125
COL_405345,47263.875
COL_405398,44078.3154296875
COL_405399,58361.357421875
COL_405507,32946.1767578125
COL_405529,45083.880859375
COL_405658,58604.1748046875
COL_405666,30948.908203125
COL_405711,34835.37109375
COL_405811,34496.220703125
COL_405951,43738.859375
COL_406025,64196.6875
COL_406081,68209.4306640625
COL_406092,61937.2724609375
COL_406116,36194.9228515625
COL_406145,34588.67041015625
COL_406171,48849.80859375
COL_406232,28333.57080078125
COL_406234,33236.57177734375
COL_406275,54950.119140625
COL_406276,53157.2724609375
COL_406277,42036.63720703125
COL_406278,54347.4130859375
COL_406279,36784.94677734375
COL_406291,37678.03125
COL_406380,48086.4365234375
COL_406471,49883.4775390625
COL_406524,36530.18115234375
COL_406525,33265.54150390625
COL_406577,47181.23828125
COL_406642,152571.203125
COL_406698,42624.22705078125
COL_406765,17095.68115234375
COL_406819,52317.9931640625
COL_406981,53269.6513671875
COL_407017,39314.27783203125
COL_407064,28329.5478515625
COL_407236,138213.154296875
COL_407262,85104.53515625
COL_407274,98316.833984375
COL_407301,41409.76611328125
COL_407334,41046.9501953125
COL_407372,44283.4765625
COL_407383,40810.94287109375
COL_407391,45715.03173828125
COL_407415,39686.4609375
COL_407480,71847.951171875
COL_407570,175458.71484375
COL_407627,53866.5498046875
COL_407634,62294.2939453125
COL_407635,59118.716796875
COL_407683,32127.28466796875
COL_407899,61482.947265625
COL_407927,41924.82958984375
COL_407936,40175.14453125
COL_407956,32469.72900390625
COL_407969,47574.1025390625
COL_408007,47702.5712890625
COL_408026,33596.25634765625
COL_408056,35886.20166015625
COL_408156,57464.4345703125
COL_408157,62161.244140625
COL_408181,47922.0224609375
COL_408230,36838.75537109375
COL_408276,49116.7109375
COL_408313,35074.279296875
COL_408317,32150.224609375
COL_408318,28716.76806640625
COL_408319,40281.25927734375
COL_408320,37272.001953125
COL_408349,40011.91455078125
COL_408552,61649.9326171875
COL_408565,35070.732421875
COL_408672,46602.00390625
COL_408682,59047.671875
COL_408686,24948.89599609375
COL_408724,26488.86865234375
COL_408765,41770.72607421875
COL_408832,54506.70703125
COL_409107,68872.845703125
COL_409486,44250.169921875
COL_409495,39348.947265625
COL_409540,115525.9765625
COL_409590,48305.91015625
COL_409662,35302.38623046875
COL_409668,40734.38427734375
COL_409784,42087.78076171875
COL_409790,62658.208984375
COL_409858,34356.94921875
COL_409866,31405.41259765625
COL_409962,30943.09716796875
COL_410295,53687.10986328125
COL_410302,35809.31396484375
COL_410316,36373.80126953125
COL_410448,40521.43115234375
COL_410498,42028.10107421875
COL_410525,46195.080078125
COL_410534,37729.4013671875
COL_410549,37400.9443359375
COL_410657,47335.2568359375
COL_410724,34820.38818359375
COL_410778,52059.580078125
COL_410957,43027.369140625
COL_411043,74211.7177734375
COL_411096,123187.05859375
COL_411111,50406.2099609375
COL_411137,83504.556640625
COL_411195,38216.85498046875
COL_411202,35480.0791015625
COL_411220,97701.80859375
COL_411221,101539.189453125
COL_411238,35029.45556640625
COL_411275,36928.716796875
COL_411301,42465.64892578125
COL_411514,41570.99609375
COL_411540,34013.1806640625
COL_411700,30722.0361328125
COL_411961,27477.259765625
COL_411962,35092.37158203125
COL_412082,36543.3984375
COL_412105,40725.98779296875
COL_412122,30169.81689453125
COL_412124,43342.6552734375
COL_412125,34952.5390625
COL_412244,40559.49169921875
COL_412251,52382.705078125
COL_412275,45796.52001953125
COL_412308,52673.2255859375
COL_412337,37078.3857421875
COL_412350,67826.22265625
COL_412395,44661.1181640625
COL_412411,69199.73828125
COL_412491,57725.212890625
COL_412575,22656.232421875
COL_412583,46617.6533203125
COL_412606,42141.41845703125
COL_412656,41964.3779296875
COL_412697,33247.93115234375
COL_412711,25736.37109375
COL_412850,43109.9189453125
COL_412851,31780.20703125
COL_412853,39873.67333984375
COL_412856,24747.5576171875
COL_412857,18280.412109375
COL_412925,129567.484375
COL_412926,129226.65234375
COL_413217,58610.7861328125
COL_413225,66021.3564453125
COL_413258,49274.9267578125
COL_413261,42570.87646484375
COL_413262,36614.13525390625
COL_413270,24367.52490234375
COL_413271,47184.2861328125
COL_413275,33878.58642578125
COL_413474,169300.00390625
COL_413482,49007.5595703125
COL_413607,36137.25634765625
COL_413678,29858.8515625
COL_413943,57920.8505859375
COL_413976,43751.4921875
COL_414175,169359.7421875
COL_414193,48699.9560546875
COL_414295,22236.841552734375
COL_414337,138718.1875
COL_414380,16419.5732421875
COL_414470,52912.37109375
COL_414471,34512.84130859375
COL_414687,42529.9619140625
COL_414867,40785.84521484375
COL_414930,51959.189453125
COL_414931,47811.6357421875
COL_415267,48104.5029296875
COL_415295,60349.201171875
COL_415296,54318.2861328125
COL_415357,131813.701171875
COL_415433,33256.02001953125
COL_415503,47792.056640625
COL_415607,47483.5966796875
COL_415617,38995.73095703125
COL_415653,62420.662109375
COL_415665,34328.77783203125
COL_415782,31942.84423828125
COL_415791,47890.7666015625
COL_415947,53238.0478515625
COL_415983,46998.4267578125
COL_415989,25083.53173828125
COL_416016,40412.62451171875
COL_416140,26738.69677734375
COL_416279,65074.2666015625
COL_416336,34704.94677734375
COL_416444,79814.8310546875
COL_416460,42323.0322265625
COL_416464,42764.083984375
COL_416466,38865.34521484375
COL_416469,43839.0986328125
COL_416545,27555.90234375
COL_416560,66937.330078125
COL_416564,72119.3291015625
COL_416626,54168.5888671875
COL_416665,52970.767578125
COL_416673,40343.94921875
COL_416695,87130.697265625
COL_416696,88850.798828125
COL_416697,93462.302734375
COL_416698,73834.166015625
COL_416699,84803.48828125
COL_416700,85024.91796875
COL_416766,28283.1748046875
COL_416774,34536.8046875
COL_416778,39685.7734375
COL_416785,51786.306640625
COL_416814,36028.1689453125
COL_416868,35288.97607421875
COL_416894,67092.73828125
COL_417030,31418.64111328125
COL_417049,95718.291015625
COL_417096,38638.1669921875
COL_417122,70625.357421875
COL_417124,68017.486328125
COL_417171,56456.95703125
COL_417174,29276.185546875
COL_417228,31985.88818359375
COL_417236,82342.224609375
COL_417265,86590.283203125
COL_417266,41028.111328125
COL_417267,71223.609375
COL_417271,39515.3935546875
COL_417284,42050.55517578125
COL_417318,73361.291015625
COL_417423,40054.97314453125
COL_417510,26216.38818359375
COL_417566,39519.71484375
COL_417567,32596.837890625
COL_417588,48974.2431640625
COL_417745,41189.78125
COL_417886,42013.3525390625
COL_417890,40141.19091796875
COL_418074,28924.1220703125
COL_418076,48218.44140625
COL_418114,52104.556640625
COL_418116,30339.95703125
COL_418130,36539.404296875
COL_418135,42823.4501953125
COL_418144,40719.96728515625
COL_418176,72288.009765625
COL_418198,51956.326171875
COL_418222,68423.052734375
COL_418224,150843.37109375
COL_418240,32638.95703125
COL_418264,28477.14599609375
COL_418371,169517.279296875
COL_418556,60545.90234375
COL_418578,47262.8427734375
COL_418774,38436.40576171875
COL_418818,76157.9990234375
COL_418839,43060.6396484375
COL_418881,42952.5654296875
COL_418888,43127.8662109375
COL_418990,42595.1552734375
COL_419050,25588.837890625
COL_419102,33613.51806640625
COL_419181,26446.166015625
COL_419250,82519.6591796875
COL_419337,79829.79296875
COL_419383,38375.71728515625
COL_419397,69492.22265625
COL_419431,34580.140625
COL_419510,68155.71484375
COL_419518,26950.9619140625
COL_419574,29493.65234375
COL_419578,41553.2568359375
COL_419614,27329.232421875
COL_419756,126779.93359375
COL_419765,43767.466796875
COL_419779,36238.00927734375
COL_419796,41271.2099609375
COL_419798,27261.68017578125
COL_419799,36214.16064453125
COL_419870,53188.3818359375
COL_419871,50693.3125
COL_419872,56421.302734375
COL_419873,49068.912109375
COL_420021,176811.021484375
COL_420031,28162.056884765625
COL_420037,27209.1123046875
COL_420080,58447.65234375
COL_420362,32847.28564453125
COL_420401,45526.0390625
COL_420490,51929.037109375
COL_420491,26752.72705078125
COL_420515,55615.181640625
COL_420540,185761.03515625
COL_420668,34642.38427734375
COL_420707,36923.3330078125
COL_420743,167073.955078125
COL_420784,30072.4970703125
COL_420790,44096.3935546875
COL_420901,37568.83349609375
COL_421024,42203.9677734375
COL_421052,30300.3466796875
COL_421060,35293.94873046875
COL_421061,50979.900390625
COL_421110,36232.85546875
COL_421112,66659.6884765625
COL_421121,64053.509765625
COL_421208,37085.6376953125
COL_421218,47513.86328125
COL_421237,130470.55859375
COL_421255,42240.39208984375
COL_421283,34026.3310546875
COL_421291,32805.8525390625
COL_421297,108933.30078125
COL_421343,33373.3056640625
COL_421344,28882.99169921875
COL_421348,46473.9892578125
COL_421552,70575.30078125
COL_421654,35110.5908203125
COL_421655,40302.1513671875
COL_421692,32914.85009765625
COL_421693,55496.373046875
COL_422153,39175.40234375
COL_422232,30305.61767578125
COL_422255,55879.66796875
COL_422256,49237.9375
COL_422257,51703.55859375
COL_422275,38984.52734375
COL_422286,40662.4375
COL_422287,45281.3310546875
COL_422289,28629.0341796875
COL_422290,43202.49462890625
COL_422291,46656.87109375
COL_422330,29539.77587890625
COL_422413,53122.8232421875
COL_422452,40177.84228515625
COL_422592,27650.50390625
COL_422610,62663.2646484375
COL_422646,205805.65234375
COL_422735,51312.939453125
COL_422779,48179.81787109375
COL_422780,49108.041015625
COL_422781,50227.49609375
COL_422782,43292.3212890625
COL_422832,33805.45703125
COL_422901,19122.48681640625
COL_422922,45522.56201171875
COL_422969,33772.8076171875
COL_422998,40591.79345703125
COL_423042,45714.76953125
COL_423271,162429.47265625
COL_423292,31803.16552734375
COL_423390,27210.25439453125
COL_423398,21833.59619140625
COL_423541,57357.4775390625
COL_423629,52948.6337890625
COL_423714,111247.44140625
COL_423761,121205.103515625
COL_423762,123684.09375
COL_423840,29427.72900390625
COL_424042,74175.390625
COL_424094,43167.58349609375
COL_424147,33625.60400390625
COL_424211,49714.462890625
COL_424260,34664.40625
COL_424300,49988.25390625
COL_424348,22747.18994140625
COL_424494,46580.1103515625
COL_424642,161078.720703125
COL_424752,48115.8515625
COL_425001,42059.02294921875
COL_425093,45446.337890625
COL_425126,45707.9248046875
COL_425176,37185.2841796875
COL_425196,39562.1279296875
COL_425223,46015.1240234375
COL_425244,39392.76318359375
COL_425369,47855.5107421875
COL_425409,41264.15234375
COL_425441,75639.9111328125
COL_425639,46324.7041015625
COL_425665,41385.599609375
COL_425846,47035.0126953125
COL_425989,37789.80517578125
COL_426027,49446.509765625
COL_426061,43115.2275390625
COL_426087,42299.515625
COL_426104,30011.8896484375
COL_426111,39921.20068359375
COL_426115,52877.71484375
COL_426116,45383.3115234375
COL_426125,54379.8603515625
COL_426151,38049.4921875
COL_426153,41372.38525390625
COL_426154,35123.8232421875
COL_426155,36078.671875
COL_426193,62525.6728515625
COL_426194,42675.22509765625
COL_426197,57001.9453125
COL_426198,56165.5126953125
COL_426280,51442.7607421875
COL_426368,66966.5068359375
COL_426396,58491.4853515625
COL_426421,44315.658203125
COL_426497,38827.7001953125
COL_426515,53002.76953125
COL_426542,39007.2412109375
COL_426551,79259.8740234375
COL_426606,27984.232421875
COL_426630,36133.95947265625
COL_426890,37697.42919921875
COL_427026,35291.73779296875
COL_427086,29987.90771484375
COL_427087,34973.30224609375
COL_427088,32734.70361328125
COL_427345,37976.48486328125
COL_427417,44434.783203125
COL_427594,159814.22265625
COL_427626,39901.08837890625
COL_427674,57595.779296875
COL_427685,45413.3125
COL_427694,34088.935546875
COL_427711,37742.66748046875
COL_427712,80560.205078125
COL_427713,35980.19921875
COL_427738,56873.7421875
COL_427889,36483.78125
COL_427891,60530.4853515625
COL_427927,59837.3056640625
COL_428045,39832.57763671875
COL_428116,31809.38134765625
COL_428221,31847.81201171875
COL_428332,37080.5791015625
COL_428419,38911.02783203125
COL_428436,38261.1064453125
COL_428459,38190.57177734375
COL_428460,58084.0703125
COL_428724,135390.8671875
COL_428952,59011.9833984375
COL_428982,48906.11328125
COL_428983,46868.6337890625
COL_429040,34447.16015625
COL_429053,57156.669921875
COL_429063,37510.56396484375
COL_429128,43685.56787109375
COL_429131,42235.32958984375
COL_429190,31079.84912109375
COL_429211,33216.560546875
COL_429243,51299.6416015625
COL_429270,50688.6875
COL_429312,49630.9462890625
COL_429415,48201.85888671875
COL_429434,55328.2763671875
COL_429512,39382.48681640625
COL_429591,40546.5537109375
COL_429627,44615.51025390625
COL_429671,53365.02734375
COL_429672,53249.9013671875
COL_429688,67741.419921875
COL_429689,68689.1396484375
COL_429693,42485.35546875
COL_429715,36288.7353515625
COL_429792,63527.6572265625
COL_429831,43367.734375
COL_430043,169860.11328125
COL_430076,41495.99755859375
COL_430092,32604.70458984375
COL_430123,39534.53466796875
COL_430196,29002.2451171875
COL_430201,36369.10595703125
COL_430215,127032.98046875
COL_430335,43262.39306640625
COL_430443,67661.13671875
COL_430444,70223.220703125
COL_430445,49942.88330078125
COL_430446,58154.5888671875
COL_430506,55169.705078125
COL_430651,57505.43359375
COL_430726,56672.74609375
COL_430765,56649.783203125
COL_431040,45307.9013671875
COL_431079,43566.763671875
COL_431111,36761.20068359375
COL_431147,35973.48876953125
COL_431149,42962.6162109375
COL_431152,30635.427734375
COL_431279,74383.3720703125
COL_431283,30944.41796875
COL_431331,40233.1943359375
COL_431364,27759.09228515625
COL_431377,32533.46484375
COL_431389,38304.96240234375
COL_431561,47563.1943359375
COL_431663,36841.70166015625
COL_431675,29539.5419921875
COL_431683,97739.396484375
COL_431707,72348.673828125
COL_431768,33289.37744140625
COL_431982,43099.88818359375
COL_431990,36269.57470703125
COL_432077,36283.33349609375
COL_432104,21769.849853515625
COL_432105,21540.6689453125
COL_432272,31267.119140625
COL_432283,35777.44140625
COL_432319,53023.9619140625
COL_432320,51981.6318359375
COL_432332,28162.16455078125
COL_432333,46951.134765625
COL_432412,104526.876953125
COL_432415,29376.5439453125
COL_432420,36677.64208984375
COL_432640,56857.142578125
COL_432644,18059.800048828125
COL_432646,39783.39404296875
COL_432755,117299.73046875
COL_433016,53257.3203125
COL_433137,40451.970703125
COL_433206,54633.4931640625
COL_433218,40294.525390625
COL_433381,49398.4091796875
COL_433499,27544.78125
COL_433501,53669.416015625
COL_433595,48223.373046875
COL_434015,47570.2041015625
COL_434023,43897.5400390625
COL_434027,46218.2236328125
COL_434046,158151.95703125
COL_434082,140437.005859375
COL_434097,43500.3876953125
COL_434119,34198.16552734375
COL_434214,42975.5546875
COL_434303,54638.7724609375
COL_434319,40990.99853515625
COL_434320,33320.9951171875
COL_434338,54989.73046875
COL_434431,45387.4951171875
COL_434434,35922.1826171875
COL_434601,33220.61767578125
COL_434621,41006.6689453125
COL_434651,32557.84423828125
COL_434686,28398.29052734375
COL_434771,44405.1943359375
COL_434823,53707.1259765625
COL_434848,41388.52490234375
COL_434871,22844.465087890625
COL_435108,42383.80419921875
COL_435148,29992.4580078125
COL_435225,37963.23486328125
COL_435332,139897.70703125
COL_435436,44504.2861328125
COL_435657,40517.447265625
COL_435665,36709.0869140625
COL_435718,155504.494140625
COL_435759,26221.19873046875
COL_435887,36238.521484375
COL_435996,181447.66796875
COL_435997,31114.7080078125
COL_436077,80349.5068359375
COL_436085,53585.72265625
COL_436126,64051.779296875
COL_436133,38736.03125
COL_436154,50808.5537109375
COL_436195,41132.60693359375
COL_436277,38607.95556640625
COL_436336,43615.4140625
COL_436344,28952.34375
COL_436422,47696.896484375
COL_436438,25384.35546875
COL_436469,47267.732421875
COL_436574,30826.41845703125
COL_436582,24546.97900390625
COL_436675,30265.6630859375
COL_436712,24431.75146484375
COL_436721,69130.8544921875
COL_436732,71961.53515625
COL_436758,41774.3779296875
COL_436969,37496.689453125
COL_437029,92608.263671875
COL_437045,45607.998046875
COL_437048,30993.88818359375
COL_437102,103602.728515625
COL_437108,34128.44482421875
COL_437131,89891.21875
COL_437150,55584.123046875
COL_437151,55431.25
COL_437153,58145.1845703125
COL_437154,57242.3046875
COL_437155,54356.2705078125
COL_437156,54382.033203125
COL_437157,53940.0703125
COL_437186,44896.0458984375
COL_437187,39160.05419921875
COL_437195,48770.6611328125
COL_437280,44475.041015625
COL_437358,216571.23828125
COL_437384,59452.2626953125
COL_437385,63800.251953125
COL_437386,74706.5107421875
COL_437455,30513.890625
COL_437456,34048.24853515625
COL_437610,32782.07080078125
COL_437874,29104.44775390625
COL_437881,38063.25341796875
COL_437949,32567.8056640625
COL_437953,40680.50244140625
COL_437972,35497.609375
COL_437999,47896.9111328125
COL_438013,82781.3916015625
COL_438024,61567.5869140625
COL_438136,33671.51025390625
COL_438164,135862.763671875
COL_438343,48791.5732421875
COL_438424,35347.14501953125
COL_438451,21838.3876953125
COL_438458,53910.298828125
COL_438466,127347.17578125
COL_438470,50547.2880859375
COL_438603,45364.87109375
COL_438755,169130.908203125
COL_438836,45613.2734375
COL_438853,76750.3232421875
COL_438878,48146.5615234375
COL_438979,51411.466796875
COL_439032,30104.212890625
COL_439248,43292.58984375
COL_439348,63163.31640625
COL_439366,59741.8095703125
COL_439375,51970.2060546875
COL_439448,54139.451171875
COL_439463,34296.77685546875
COL_439473,55662.4423828125
COL_439546,43123.205078125
COL_439560,42623.23681640625
COL_439603,51138.037109375
COL_439708,44773.6708984375
COL_439738,43749.6201171875
COL_439739,36915.84033203125
COL_439741,42520.17041015625
COL_439746,51058.7197265625
COL_439755,39194.81298828125
COL_439868,36948.11767578125
COL_439909,47545.3720703125
COL_439912,41618.0810546875
COL_439941,37261.91064453125
COL_440220,40264.55859375
COL_440226,62811.8974609375
COL_440257,48219.484375
COL_440262,28394.0498046875
COL_440318,51893.65625
COL_440336,43713.1064453125
COL_440347,40664.9599609375
COL_440618,34519.35107421875
COL_440788,45980.0400390625
COL_440831,31616.03564453125
COL_440889,41466.57763671875
COL_440892,54728.7275390625
COL_440903,54471.6025390625
COL_441033,36356.30712890625
COL_441069,48690.580078125
COL_441100,43080.5791015625
COL_441105,47150.53515625
COL_441129,36829.6376953125
COL_441133,34851.75390625
COL_441162,58333.029296875
COL_441185,43819.619140625
COL_441203,42817.97265625
COL_441213,37331.1103515625
COL_441222,37682.92333984375
COL_441256,33497.79736328125
COL_441291,43033.29052734375
COL_441499,42782.392578125
COL_441556,43823.48046875
COL_441659,39346.626953125
COL_441695,44053.06640625
COL_441725,31158.353515625
COL_441852,26587.8037109375
COL_441872,204751.05078125
COL_441885,38362.486328125
COL_441886,48448.5458984375
COL_441887,35882.740234375
COL_441968,35278.92822265625
COL_442042,72104.5263671875
COL_442088,33095.78466796875
COL_442218,50142.9375
COL_442223,34057.04345703125
COL_442404,33237.8583984375
COL_442430,45950.2265625
COL_442436,39521.48828125
COL_442660,42448.6591796875
COL_442689,45330.9892578125
COL_442736,28750.793212890625
COL_442849,48279.0390625
COL_442859,43357.9443359375
COL_442896,65935.4052734375
COL_442899,69650.6103515625
COL_442969,48492.890625
COL_443027,77868.4462890625
COL_443075,43551.8994140625
COL_443076,58478.3359375
COL_443086,38583.376953125
COL_443087,38479.52490234375
COL_443105,38149.94482421875
COL_443174,34033.54248046875
COL_443215,42885.521484375
COL_443224,48239.732421875
COL_443260,49260.724609375
COL_443261,29358.357421875
COL_443353,95723.8515625
COL_443381,41312.72998046875
COL_443604,192900.453125
COL_443605,165773.9140625
COL_443606,186449.75
COL_443644,43559.0263671875
COL_443699,27113.388671875
COL_443721,39421.18115234375
COL_443797,47195.759765625
COL_443798,53770.99609375
COL_444056,55796.4912109375
COL_444127,30708.84814453125
COL_444137,32936.54248046875
COL_444163,57745.1455078125
COL_444190,46539.6923828125
COL_444262,54558.736328125
COL_444332,27741.28173828125
COL_444379,44649.67529296875
COL_444406,69961.80859375
COL_444612,19499.913818359375
COL_444615,126095.921875
COL_444634,32364.40771484375
COL_444659,23756.772216796875
COL_444707,76611.361328125
COL_444834,63145.2802734375
COL_444936,43757.5205078125
COL_445000,40966.630859375
COL_445091,32819.015625
COL_445127,203422.65625
COL_445191,35443.78955078125
COL_445218,54638.1611328125
COL_445268,162979.009765625
COL_445304,52504.69580078125
COL_445315,31486.65625
COL_445336,41644.591796875
COL_445547,42998.609375
COL_445578,65501.3740234375
COL_445661,45744.6064453125
COL_445664,77239.630859375
COL_445689,38542.34814453125
COL_445693,42124.498046875
COL_445738,100321.470703125
COL_445749,48294.4873046875
COL_445753,36957.1630859375
COL_445754,37412.4931640625
COL_445756,32474.65869140625
COL_445780,49754.9658203125
COL_445795,29110.63818359375
COL_445839,38723.470703125
COL_445871,72054.705078125
COL_445928,19301.15576171875
COL_446061,37734.22802734375
COL_446070,70436.916015625
COL_446108,70313.0859375
COL_446174,63109.5283203125
COL_446228,46557.8359375
COL_446244,28339.01318359375
COL_446347,28232.2900390625
COL_446363,43878.38916015625
COL_446584,45243.912109375
COL_446585,45272.0791015625
COL_446586,45274.939453125
COL_446587,45383.7109375
COL_446588,45503.205078125
COL_446615,34498.83349609375
COL_446800,38012.5634765625
COL_446838,50549.587890625
COL_446853,43233.232421875
COL_446909,36096.9140625
COL_446917,35552.6943359375
COL_446918,31374.3134765625
COL_446919,30687.34228515625
COL_446920,31108.28955078125
COL_446924,35026.09375
COL_447009,61316.0078125
COL_447084,47703.349609375
COL_447134,35058.455078125
COL_447200,66079.1904296875
COL_447278,30420.63134765625
COL_447297,44051.4716796875
COL_447310,37291.728515625
COL_447346,40944.345703125
COL_447394,81132.9248046875
COL_447395,59149.0771484375
COL_447397,37311.18798828125
COL_447412,49575.068359375
COL_447424,43860.7744140625
COL_447434,40451.26953125
COL_447435,40479.18115234375
COL_447436,53571.6142578125
COL_447437,46839.298828125
COL_447438,48048.404296875
COL_447439,38499.689453125
COL_447440,38138.6611328125
COL_447441,40295.1552734375
COL_447442,41296.2529296875
COL_447443,40263.783203125
COL_447444,39294.0966796875
COL_447445,50796.501953125
COL_447446,32361.92529296875
COL_447477,31049.0859375
COL_447514,79985.8828125
COL_447614,29879.24658203125
COL_447615,29822.828125
COL_447642,42497.65966796875
COL_447650,72648.9443359375
COL_447671,74470.4208984375
COL_447672,74674.2587890625
COL_447698,165093.076171875
COL_447719,33094.71142578125
COL_447739,85910.1025390625
COL_447865,41991.75390625
COL_447932,97376.533203125
COL_447950,36166.12255859375
COL_447973,67808.869140625
COL_448004,42167.85107421875
COL_448005,45128.556640625
COL_448006,48111.451171875
COL_448007,40311.47412109375
COL_448008,45256.7001953125
COL_448009,34339.91845703125
COL_448010,38177.8046875
COL_448011,45935.861328125
COL_448017,48592.3017578125
COL_448081,31231.72998046875
COL_448229,73968.6220703125
COL_448288,49675.9501953125
COL_448328,44141.2958984375
COL_448412,54743.3017578125
COL_448444,165444.8671875
COL_448461,47017.3671875
COL_448500,42522.14697265625
COL_448541,61209.333984375
COL_448542,45046.80859375
COL_448543,44689.189453125
COL_448547,50166.966796875
COL_448598,142245.115234375
COL_448757,33246.2216796875
COL_448763,44368.2705078125
COL_448835,47800.525390625
COL_448853,60879.62890625
COL_448947,53660.7783203125
COL_449012,41319.70703125
COL_449016,37183.20263671875
COL_449024,54800.400390625
COL_449043,33061.57861328125
COL_449090,46659.8203125
COL_449146,36353.33056640625
COL_449216,53761.08984375
COL_449293,46840.08349609375
COL_449311,51408.796875
COL_449349,32175.64306640625
COL_449389,44160.99365234375
COL_449497,42682.421875
COL_449515,34437.13720703125
COL_449522,47155.58203125
COL_449526,32860.56494140625
COL_449528,42122.2294921875
COL_449532,29213.78271484375
COL_449536,34331.41064453125
COL_449588,30124.37060546875
COL_449592,48050.3798828125
COL_449811,138197.6640625
COL_449907,46410.2353515625
COL_449939,53936.501953125
COL_450017,27993.4716796875
COL_450118,140168.708984375
COL_450161,34954.48828125
COL_450164,38156.99560546875
COL_450185,69748.388671875
COL_450237,28125.02978515625
COL_450271,50932.89453125
COL_450347,31085.04052734375
COL_450351,36006.5166015625
COL_450523,29054.56982421875
COL_450578,36224.890625
COL_450609,41976.9921875
COL_450632,35009.86181640625
COL_450739,34595.65869140625
COL_450740,33986.6904296875
COL_450800,72165.4990234375
COL_450807,43251.9140625
COL_450863,28265.4365234375
COL_451021,49856.9921875
COL_451022,46049.98681640625
COL_451120,48839.4326171875
COL_451222,38615.76611328125
COL_451337,33063.5888671875
COL_451353,37793.31103515625
COL_451357,38963.3818359375
COL_451366,32671.71826171875
COL_451424,53458.0234375
COL_451493,36586.15283203125
COL_451570,33972.94775390625
COL_451580,37213.41455078125
COL_451581,47650.1484375
COL_451744,53134.005859375
COL_451780,34627.96044921875
COL_451858,38296.291015625
COL_451866,47925.8896484375
COL_451867,37516.2021484375
COL_451876,54447.1083984375
COL_451882,24232.17626953125
COL_451949,49924.9775390625
COL_452035,53659.4130859375
COL_452047,42350.01806640625
COL_452048,73201.9091796875
COL_452145,41309.00244140625
COL_452284,31261.15625
COL_452285,47015.6005859375
COL_452313,62366.8125
COL_452342,32219.349609375
COL_452469,35916.7548828125
COL_452492,66479.5
COL_452515,46628.8779296875
COL_452536,27766.330078125
COL_452555,65735.513671875
COL_452731,46642.0703125
COL_452765,45596.5185546875
COL_452800,43557.45166015625
COL_452849,57688.62890625
COL_452871,44600.29443359375
COL_452912,48212.6201171875
COL_452934,50556.806640625
COL_453175,57396.947265625
COL_453176,59162.8994140625
COL_453182,80092.7392578125
COL_453204,51011.1875
COL_453205,58818.65234375
COL_453213,42821.15673828125
COL_453228,39641.83251953125
COL_453378,51101.0126953125
COL_453382,43063.6787109375
COL_453391,37897.8173828125
COL_453406,33118.888671875
COL_453662,42168.38671875
COL_453691,32757.220703125
COL_453739,50959.103515625
COL_453800,49930.0771484375
COL_453871,41510.63232421875
COL_453991,52910.2626953125
COL_453992,55318.5908203125
COL_453993,47942.720703125
COL_453994,48820.0888671875
COL_453995,49705.765625
COL_453996,54204.435546875
COL_453997,53121.763671875
COL_453998,51651.7509765625
COL_453999,50180.673828125
COL_454000,62526.0908203125
COL_454001,57361.822265625
COL_454002,58643.158203125
COL_454003,58873.5888671875
COL_454004,56769.7822265625
COL_454005,48092.818359375
COL_454022,41091.31689453125
COL_454023,40200.35791015625
COL_454069,149461.150390625
COL_454085,41259.82177734375
COL_454096,25958.63427734375
COL_454109,80028.828125
COL_454110,40881.8857421875
COL_454132,46695.0205078125
COL_454285,35216.88916015625
COL_454306,34578.998046875
COL_454307,34701.79052734375
COL_454308,34133.9853515625
COL_454309,33925.66357421875
COL_454310,27335.213134765625
COL_454422,52851.208984375
COL_454493,44965.669921875
COL_454637,43101.9248046875
COL_454727,48175.59375
COL_454740,32288.55322265625
COL_454753,45191.822265625
COL_454768,29929.38916015625
COL_454799,46186.6044921875
COL_455089,31182.7841796875
COL_455212,42770.2333984375
COL_455261,44816.177734375
COL_455381,45836.0537109375
COL_455397,42580.267578125
